matchup,game_id,seed,winner_seat,vp0,vp1,vp2,vp3,steps,turns,wall_ms
cat_random4,0,42,1,6,2,2,10,698,209,7.231666008010507
cat_random4,1,43,0,10,9,8,7,2260,564,20.383040886372328
cat_random4,2,44,3,6,10,3,7,959,271,10.766666964627802
cat_random4,3,45,0,3,8,10,5,937,272,9.118375019170344
cat_random4,4,46,2,7,4,2,10,893,274,8.932125056162477
cat_random4,5,47,2,4,10,2,2,656,202,7.99379195086658
cat_random4,6,48,0,2,6,10,9,1308,360,11.507666087709367
cat_random4,7,49,3,2,3,3,10,840,251,10.054250014945865
cat_random4,8,50,1,2,10,2,2,654,205,6.992541952058673
cat_random4,9,51,3,2,4,3,10,1005,303,11.4063749788329
cat_random4,10,52,1,10,7,2,2,619,197,6.61608309019357
cat_random4,11,53,3,11,2,6,2,1275,443,11.560084065422416
cat_random4,12,54,0,4,10,7,2,821,264,9.200959000736475
cat_random4,13,55,0,10,2,9,7,1002,300,10.467833955772221
cat_random4,14,56,3,3,6,5,10,771,223,8.047459064982831
cat_random4,15,57,2,6,8,5,10,823,218,10.170374996960163
cat_random4,16,58,3,3,2,4,10,682,207,8.566125063225627
cat_random4,17,59,1,10,2,2,5,463,141,5.157000035978854
cat_random4,18,60,0,2,7,10,3,905,288,9.545875014737248
cat_random4,19,61,1,10,2,2,3,717,225,8.41566699091345
cat_random4,20,62,0,7,10,5,3,1253,404,13.857041951268911
cat_random4,21,63,2,3,8,10,7,1309,390,12.290625018067658
cat_random4,22,64,1,10,7,6,5,1533,461,14.760583057068288
cat_random4,23,65,1,9,10,3,5,1484,453,13.99949996266514
cat_random4,24,66,1,5,10,4,2,1013,301,10.513999965041876
cat_random4,25,67,1,4,6,5,10,662,205,8.344040950760245
cat_random4,26,68,3,4,10,4,9,2177,779,17.89212506264448
cat_random4,27,69,2,6,5,10,6,1606,534,15.192082966677845
cat_random4,28,70,2,7,3,10,7,816,230,9.634917019866407
cat_random4,29,71,0,4,5,10,5,925,296,10.438458062708378
cat_random4,30,72,1,9,5,10,3,1370,413,14.016542001627386
cat_random4,31,73,1,10,4,2,6,998,313,8.836208959110081
cat_random4,32,74,1,5,10,4,5,1423,433,12.381499982438982
cat_random4,33,75,1,3,6,10,7,1194,361,11.476790998131037
cat_random4,34,76,0,5,5,10,3,596,176,7.254083058796823
cat_random4,35,77,0,2,5,10,4,515,164,5.172958015464246
cat_random4,36,78,2,5,2,3,10,877,274,8.371250005438924
cat_random4,37,79,0,2,10,3,5,715,256,7.10462499409914
cat_random4,38,80,0,3,7,10,9,1704,520,15.529582975432277
cat_random4,39,81,1,8,10,5,2,1021,309,10.161250014789402
cat_random4,40,82,1,5,4,5,10,1089,321,11.490958044305444
cat_random4,41,83,1,4,10,3,2,804,265,7.436749991029501
cat_random4,42,84,1,11,4,4,2,996,353,8.595457999035716
cat_random4,43,85,0,7,10,2,6,1148,368,10.726041975431144
cat_random4,44,86,2,4,10,2,2,718,226,7.542499923147261
cat_random4,45,87,1,5,5,10,8,962,297,11.312542017549276
cat_random4,46,88,0,8,5,9,10,1657,492,14.995208941400051
cat_random4,47,89,3,5,2,5,10,935,319,8.243124932050705
cat_random4,48,90,2,10,2,2,3,895,286,8.155499934218824
cat_random4,49,91,0,10,7,5,2,1453,456,13.934999937191606
cat_random4,50,92,1,4,2,10,8,743,233,8.088291971944273
cat_random4,51,93,3,10,8,4,7,1878,551,17.29758398141712
cat_random4,52,94,3,4,4,10,6,753,243,7.779624895192683
cat_random4,53,95,2,10,4,2,4,570,174,5.997207947075367
cat_random4,54,96,3,10,7,6,5,735,211,11.570999980904162
cat_random4,55,97,0,6,10,2,3,1373,452,13.328708941116929
cat_random4,56,98,3,4,10,2,7,899,287,9.341249940916896
cat_random4,57,99,3,3,3,10,2,1112,379,9.790832991711795
cat_random4,58,100,2,2,3,10,3,479,150,4.605707945302129
cat_random4,59,101,3,10,5,4,3,1400,443,11.671709013171494
cat_random4,60,102,3,10,2,6,9,1424,463,13.951417058706284
cat_random4,61,103,0,2,2,5,10,467,144,5.778125021606684
cat_random4,62,104,0,10,3,7,6,1313,404,13.228749972768128
cat_random4,63,105,0,7,8,10,5,2083,624,19.79541697073728
cat_random4,64,106,3,3,3,10,2,649,211,6.791457999497652
cat_random4,65,107,3,10,5,2,3,691,227,7.794833043590188
cat_random4,66,108,3,2,5,3,10,502,143,5.17708295956254
cat_random4,67,109,2,4,10,4,6,783,246,8.124124957248569
cat_random4,68,110,2,10,8,8,4,1374,398,14.026125078089535
cat_random4,69,111,0,3,10,5,3,992,336,8.634833036921918
cat_random4,70,112,2,4,10,4,3,697,218,7.16499995905906
cat_random4,71,113,1,3,4,10,4,581,181,5.961584043689072
cat_random4,72,114,2,10,6,2,7,1801,602,15.97208296880126
cat_random4,73,115,0,4,2,10,3,598,188,6.546749966219068
cat_random4,74,116,1,10,8,3,2,849,265,8.66179191507399
cat_random4,75,117,1,10,2,2,4,778,253,7.592541980557144
cat_random4,76,118,1,5,3,6,10,1700,501,15.35491703543812
cat_random4,77,119,0,3,5,10,4,1137,372,11.365749989636242
cat_random4,78,120,2,5,5,6,10,1416,430,14.607583056204021
cat_random4,79,121,3,8,5,10,6,2524,791,20.593624911271036
cat_random4,80,122,2,5,4,5,10,707,198,6.037249928340316
cat_random4,81,123,2,7,2,5,10,1826,646,16.124292043969035
cat_random4,82,124,3,8,10,9,9,2293,631,20.687083015218377
cat_random4,83,125,2,6,3,6,10,1067,358,9.08954197075218
cat_random4,84,126,0,10,8,3,6,1147,320,10.939707979559898
cat_random4,85,127,0,10,2,3,6,691,224,7.134833023883402
cat_random4,86,128,0,3,10,4,8,889,272,9.852124960161746
cat_random4,87,129,2,7,11,7,3,1513,462,13.54441698640585
cat_random4,88,130,2,3,7,10,4,1425,478,13.006041059270501
cat_random4,89,131,1,7,10,2,3,854,257,9.562999941408634
cat_random4,90,132,2,7,10,3,3,1329,410,12.460125028155744
cat_random4,91,133,2,9,6,10,3,1823,590,16.230791923590004
cat_random4,92,134,0,6,5,3,10,1224,372,11.109624989330769
cat_random4,93,135,0,3,3,10,8,980,320,8.918707957491279
cat_random4,94,136,0,3,5,2,10,800,264,7.832625065930188
cat_random4,95,137,2,6,10,6,7,1508,450,16.06333302333951
cat_random4,96,138,1,5,2,5,10,1101,357,11.680083000101149
cat_random4,97,139,0,10,6,3,7,1302,444,11.763792019337416
cat_random4,98,140,2,8,10,3,4,1161,378,10.18750004004687
cat_random4,99,141,0,10,3,3,5,961,308,8.697999990545213
cat_random4,100,142,3,2,5,10,6,980,323,8.522790973074734
cat_random4,101,143,3,2,3,2,10,383,115,4.59074997343123
cat_random4,102,144,0,3,2,2,10,633,204,7.393875042907894
cat_random4,103,145,3,4,10,6,7,1583,507,14.340291963890195
cat_random4,104,146,1,10,9,7,6,1584,457,14.973541023209691
cat_random4,105,147,0,2,10,3,2,621,204,5.845125066116452
cat_random4,106,148,1,4,2,10,2,622,189,6.4902500016614795
cat_random4,107,149,1,6,5,8,10,1830,621,16.113750054500997
cat_random4,108,150,3,3,5,4,10,575,187,5.817916011437774
cat_random4,109,151,2,10,2,2,3,612,206,7.241458049975336
cat_random4,110,152,0,4,4,3,10,487,152,4.531417042016983
cat_random4,111,153,0,6,5,3,10,1313,416,11.466124909929931
cat_random4,112,154,3,10,4,2,7,1308,427,12.165082967840135
cat_random4,113,155,0,3,3,10,3,702,228,7.1397090796381235
cat_random4,114,156,1,5,10,3,4,1342,457,11.72099995892495
cat_random4,115,157,0,3,2,3,10,502,160,4.4532500905916095
cat_random4,116,158,1,10,7,8,7,1141,341,11.945625068619847
cat_random4,117,159,2,3,10,5,4,962,306,11.117250076495111
cat_random4,118,160,3,3,8,6,10,952,267,9.379583992995322
cat_random4,119,161,2,10,7,7,8,1615,482,15.289917006157339
cat_random4,120,162,0,10,8,3,7,1305,360,12.005708063952625
cat_random4,121,163,2,10,3,7,2,697,202,6.83995895087719
cat_random4,122,164,2,7,10,7,8,1551,446,14.83916596043855
cat_random4,123,165,3,5,4,10,4,1027,307,12.011916027404368
cat_random4,124,166,2,7,6,3,10,907,278,9.289167006500065
cat_random4,125,167,0,4,10,4,4,1007,324,11.93354104179889
cat_random4,126,168,1,3,2,10,3,533,157,4.919041995890439
cat_random4,127,169,1,3,3,4,10,861,289,8.629958960227668
cat_random4,128,170,0,7,2,10,9,1483,468,13.785917079076171
cat_random4,129,171,1,2,10,5,3,701,225,6.657417048700154
cat_random4,130,172,2,3,5,3,11,905,270,10.002290946431458
cat_random4,131,173,2,4,8,3,10,1147,330,15.246041002683342
cat_random4,132,174,3,3,8,10,5,1097,355,10.435624979436398
cat_random4,133,175,3,3,10,7,3,995,323,10.499625001102686
cat_random4,134,176,2,5,6,10,8,1274,390,12.945292051881552
cat_random4,135,177,3,10,2,2,4,376,123,3.9948330959305167
cat_random4,136,178,1,6,3,10,8,1439,445,13.85891588870436
cat_random4,137,179,1,10,4,5,5,773,217,8.204333949834108
cat_random4,138,180,0,6,10,5,6,1205,364,12.036582920700312
cat_random4,139,181,1,5,5,7,10,1408,429,13.486582902260125
cat_random4,140,182,2,10,2,3,3,661,222,6.3709159148857
cat_random4,141,183,2,4,5,11,3,557,166,6.631457945331931
cat_random4,142,184,1,10,6,7,4,1404,461,14.973875018768013
cat_random4,143,185,2,6,3,11,2,614,194,6.189791951328516
cat_random4,144,186,1,3,3,4,12,971,305,10.373041965067387
cat_random4,145,187,2,10,5,2,5,605,186,7.563750026747584
cat_random4,146,188,0,8,10,8,2,2040,656,18.592291977256536
cat_random4,147,189,1,3,3,10,7,855,277,10.663083055987954
cat_random4,148,190,3,6,3,10,4,1239,407,12.073374935425818
cat_random4,149,191,2,8,6,10,7,2157,610,20.230625057592988
cat_random4,150,192,1,8,10,8,9,2233,645,21.31312503479421
cat_random4,151,193,1,10,2,5,9,1118,329,11.844041990116239
cat_random4,152,194,0,10,2,6,2,554,172,5.963957984931767
cat_random4,153,195,2,7,3,10,3,1395,434,13.833665987476707
cat_random4,154,196,2,4,10,2,4,768,254,7.708666962571442
cat_random4,155,197,3,6,10,3,2,1118,379,10.225625010207295
cat_random4,156,198,3,2,9,2,10,934,307,9.467166964896023
cat_random4,157,199,2,8,10,5,8,2170,722,20.254291011951864
cat_random4,158,200,0,10,3,5,7,1275,396,12.491625035181642
cat_random4,159,201,2,7,10,2,7,1571,490,14.667332987301052
cat_random4,160,202,2,6,10,5,2,856,282,8.338792016729712
cat_random4,161,203,0,11,3,7,5,1061,300,10.949417017400265
cat_random4,162,204,3,2,10,5,6,1609,543,12.786875013262033
cat_random4,163,205,0,4,4,6,10,751,224,7.899124990217388
cat_random4,164,206,1,6,5,2,10,1155,361,12.583167059347034
cat_random4,165,207,1,3,4,10,3,767,233,7.113707950338721
cat_random4,166,208,1,4,6,3,10,676,221,6.458541960455477
cat_random4,167,209,1,2,3,2,10,603,173,5.5192080326378345
cat_random4,168,210,1,10,6,2,4,966,289,11.032999958842993
cat_random4,169,211,0,5,2,10,8,930,280,9.028875036165118
cat_random4,170,212,1,2,6,10,6,1217,417,11.102415970526636
cat_random4,171,213,1,9,2,8,10,1786,585,17.146041966043413
cat_random4,172,214,2,2,3,4,10,739,230,7.31641601305455
cat_random4,173,215,0,10,3,4,5,736,248,8.01570899784565
cat_random4,174,216,3,7,5,4,10,1060,363,11.083625024184585
cat_random4,175,217,0,2,2,10,6,793,272,7.099041948094964
cat_random4,176,218,3,3,10,7,4,1077,359,12.347458046860993
cat_random4,177,219,1,2,5,2,10,696,225,6.441250094212592
cat_random4,178,220,2,10,4,5,3,531,154,7.518208003602922
cat_random4,179,221,2,10,6,7,4,1879,534,19.358042045496404
cat_random4,180,222,3,2,5,10,5,827,263,9.345749975182116
cat_random4,181,223,0,2,2,10,5,618,196,6.692708004266024
cat_random4,182,224,2,3,10,8,7,1300,394,13.378166011534631
cat_random4,183,225,1,10,2,3,2,685,233,8.327542105689645
cat_random4,184,226,1,10,4,5,9,1026,305,12.08158303052187
cat_random4,185,227,3,10,3,2,4,861,267,9.33791697025299
cat_random4,186,228,0,6,10,2,4,694,208,7.825042004697025
cat_random4,187,229,1,10,2,3,4,771,233,7.5370409758761525
cat_random4,188,230,1,2,6,4,10,812,269,9.737542015500367
cat_random4,189,231,3,5,5,10,4,1200,363,11.238666018471122
cat_random4,190,232,0,7,3,10,3,1183,360,10.351791977882385
cat_random4,191,233,0,4,10,2,5,449,132,4.460958065465093
cat_random4,192,234,2,10,5,4,2,719,226,7.1820830926299095
cat_random4,193,235,2,10,6,7,5,1241,390,12.287375051528215
cat_random4,194,236,0,2,7,10,2,762,224,7.524374988861382
cat_random4,195,237,2,5,3,10,7,1644,538,15.845124959014356
cat_random4,196,238,3,4,4,8,10,1214,383,10.837249923497438
cat_random4,197,239,1,2,2,8,10,930,297,9.679875103756785
cat_random4,198,240,0,10,4,5,8,1345,420,13.006874942220747
cat_random4,199,241,2,5,2,3,10,1547,546,14.053291059099138
cat_random4,200,242,2,5,10,3,3,988,338,10.529084014706314
cat_random4,201,243,2,10,5,2,2,794,250,8.563791052438319
cat_random4,202,244,0,3,7,7,10,1883,644,17.48449995648116
cat_random4,203,245,2,4,2,10,4,580,174,7.373790955170989
cat_random4,204,246,3,6,8,6,10,1155,335,14.382082968950272
cat_random4,205,247,2,10,4,5,5,937,302,10.390417068265378
cat_random4,206,248,3,10,7,3,7,891,275,10.103333974257112
cat_random4,207,249,0,6,7,10,4,1873,548,18.44145799987018
cat_random4,208,250,2,10,2,5,3,913,318,8.504750090651214
cat_random4,209,251,2,4,10,2,5,791,250,7.798500009812415
cat_random4,210,252,3,2,3,6,10,760,263,6.284625036641955
cat_random4,211,253,2,10,5,5,7,916,254,9.181792032904923
cat_random4,212,254,1,2,3,7,10,942,285,9.496917016804218
cat_random4,213,255,0,10,3,2,4,668,216,6.61020795814693
cat_random4,214,256,1,7,10,2,7,1514,433,12.84404203761369
cat_random4,215,257,0,2,6,10,7,1425,424,13.862499967217445
cat_random4,216,258,3,3,5,10,3,954,283,9.133666986599565
cat_random4,217,259,0,10,5,2,5,694,228,6.448875064961612
cat_random4,218,260,0,4,10,5,5,934,312,8.919915999285877
cat_random4,219,261,0,4,8,9,10,1288,368,12.619708082638681
cat_random4,220,262,1,2,3,7,10,1379,501,11.297874967567623
cat_random4,221,263,2,8,2,10,4,976,322,10.174083057790995
cat_random4,222,264,0,2,8,10,5,1371,436,14.39116697292775
cat_random4,223,265,1,6,10,9,4,1249,361,12.019500019960105
cat_random4,224,266,3,4,10,2,3,920,299,8.348457980901003
cat_random4,225,267,0,3,10,5,6,978,316,8.840707945637405
cat_random4,226,268,3,2,7,6,10,952,299,9.672333020716906
cat_random4,227,269,1,3,8,8,10,1209,369,12.651707977056503
cat_random4,228,270,1,5,6,5,10,1127,313,11.782792047597468
cat_random4,229,271,0,5,2,6,10,927,304,9.518207982182503
cat_random4,230,272,2,10,2,9,3,1408,430,13.754374929703772
cat_random4,231,273,0,4,11,3,3,721,228,7.521499996073544
cat_random4,232,274,1,7,6,3,10,1287,381,11.893625021912158
cat_random4,233,275,1,4,7,10,8,2260,681,19.82054195832461
cat_random4,234,276,0,7,2,10,3,1127,364,11.298791971057653
cat_random4,235,277,3,4,10,2,3,1018,319,8.557957946322858
cat_random4,236,278,2,7,4,9,10,1807,542,15.20087500102818
cat_random4,237,279,3,4,6,10,4,1192,375,12.087124981917441
cat_random4,238,280,3,4,6,3,10,1206,363,11.586833046749234
cat_random4,239,281,0,10,8,6,6,1625,480,15.88520803488791
cat_random4,240,282,2,7,10,7,2,766,238,7.395291933789849
cat_random4,241,283,2,3,10,5,7,1520,478,16.057124943472445
cat_random4,242,284,3,2,2,2,11,466,143,6.038166000507772
cat_random4,243,285,0,4,3,10,3,781,256,8.0992920557037
cat_random4,244,286,2,5,10,7,4,1198,362,12.290166923776269
cat_random4,245,287,0,10,4,4,2,786,252,8.05920793209225
cat_random4,246,288,1,2,11,3,4,624,193,6.17733399849385
cat_random4,247,289,3,2,10,2,3,415,131,4.2421669932082295
cat_random4,248,290,0,5,5,10,4,600,184,6.0885410057380795
cat_random4,249,291,0,5,3,2,10,869,268,9.125250042416155
cat_random4,250,292,1,5,2,2,10,642,193,6.579083041287959
cat_random4,251,293,2,10,5,3,4,994,322,9.308333043009043
cat_random4,252,294,2,3,6,2,11,522,166,7.938875001855195
cat_random4,253,295,0,3,2,10,3,687,220,7.121791015379131
cat_random4,254,296,1,2,10,7,3,811,253,7.186707924120128
cat_random4,255,297,1,4,2,3,10,536,157,6.221208022907376
cat_random4,256,298,1,7,9,10,4,1408,413,13.773542013950646
cat_random4,257,299,1,5,6,6,10,1513,477,13.491749996319413
cat_random4,258,300,1,7,10,2,7,1209,345,11.027415981516242
cat_random4,259,301,3,10,7,2,2,918,291,9.419250069186091
cat_random4,260,302,2,10,7,4,4,1283,378,12.361624976620078
cat_random4,261,303,3,2,10,5,8,1184,367,12.855082983151078
cat_random4,262,304,2,3,5,5,10,824,266,7.941249990835786
cat_random4,263,305,0,4,10,6,6,1079,372,10.169707937166095
cat_random4,264,306,0,6,6,8,10,1334,348,14.588250080123544
cat_random4,265,307,1,9,6,7,10,1197,309,12.810625019483268
cat_random4,266,308,3,8,4,10,8,870,251,9.153874940238893
cat_random4,267,309,2,7,8,2,10,946,294,10.370958014391363
cat_random4,268,310,3,2,6,10,2,682,219,7.515500066801906
cat_random4,269,311,0,3,2,10,4,700,232,7.173042045906186
cat_random4,270,312,1,6,8,10,3,1500,445,13.168499921448529
cat_random4,271,313,2,5,2,8,10,1792,550,17.57737493608147
cat_random4,272,314,1,8,2,9,10,1302,377,15.000415965914726
cat_random4,273,315,3,10,5,8,9,1561,431,15.448249992914498
cat_random4,274,316,1,5,2,3,10,838,293,7.5595410307869315
cat_random4,275,317,2,2,10,8,5,1078,306,11.894125025719404
cat_random4,276,318,1,2,10,3,3,419,133,5.171999917365611
cat_random4,277,319,1,10,2,9,4,1108,329,10.65912505146116
cat_random4,278,320,3,5,10,5,6,1166,371,11.039374978281558
cat_random4,279,321,0,2,5,10,9,1102,320,10.661042062565684
cat_random4,280,322,2,9,8,10,4,1588,494,15.487542026676238
cat_random4,281,323,3,2,4,10,8,1089,339,10.458540986292064
cat_random4,282,324,1,3,5,11,2,547,185,5.536500015296042
cat_random4,283,325,0,5,10,3,5,1565,468,14.709583017975092
cat_random4,284,326,0,10,4,4,3,877,276,9.436541004106402
cat_random4,285,327,3,9,4,2,10,921,287,10.323166032321751
cat_random4,286,328,0,9,6,10,4,1172,340,12.462958926334977
cat_random4,287,329,1,2,10,3,2,692,221,7.019667071290314
cat_random4,288,330,2,2,10,8,3,1051,326,8.640625048428774
cat_random4,289,331,3,3,10,6,3,1186,399,10.403624968603253
cat_random4,290,332,1,4,8,10,5,1921,561,17.445209086872637
cat_random4,291,333,3,8,2,2,10,831,271,8.874374907463789
cat_random4,292,334,2,2,8,4,10,675,202,6.653332966379821
cat_random4,293,335,3,5,8,10,4,1279,395,13.825500034727156
cat_random4,294,336,0,10,5,4,6,1355,440,12.414083001203835
cat_random4,295,337,2,4,2,10,2,930,294,8.578208042308688
cat_random4,296,338,3,3,6,9,10,1095,307,11.713416082784534
cat_random4,297,339,0,5,10,6,7,1393,448,14.093125006183982
cat_random4,298,340,3,8,10,2,4,1129,351,11.429499951191247
cat_random4,299,341,2,10,5,6,4,832,234,9.315417031757534
cat_random4,300,342,2,7,2,10,6,654,194,7.169791031628847
cat_random4,301,343,1,5,6,5,10,1387,453,12.53058307338506
cat_random4,302,344,3,2,6,10,2,951,303,8.971708011813462
cat_random4,303,345,0,2,8,10,9,1368,392,15.396125032566488
cat_random4,304,346,2,10,4,5,3,1416,450,13.079083990305662
cat_random4,305,347,0,6,2,10,8,1084,360,10.816249996423721
cat_random4,306,348,0,6,3,10,8,951,272,10.440750047564507
cat_random4,307,349,1,3,5,10,7,1055,297,10.771457920782268
cat_random4,308,350,3,6,5,6,10,1199,347,12.463500024750829
cat_random4,309,351,3,10,4,6,4,1270,391,13.678290997631848
cat_random4,310,352,1,10,7,3,4,977,309,13.847374939359725
cat_random4,311,353,0,10,5,4,5,1593,492,13.844292028807104
cat_random4,312,354,0,6,10,3,6,1001,308,10.43262507300824
cat_random4,313,355,0,7,10,5,3,1013,284,9.723333991132677
cat_random4,314,356,0,10,5,4,5,998,308,9.387291967868805
cat_random4,315,357,3,5,3,10,5,674,219,8.983375038951635
cat_random4,316,358,1,11,5,4,2,818,257,8.25416692532599
cat_random4,317,359,1,8,8,10,2,983,277,9.4245420768857
cat_random4,318,360,1,3,3,4,10,1075,341,10.298500070348382
cat_random4,319,361,1,4,9,10,8,2042,565,17.538459040224552
cat_random4,320,362,3,2,2,2,10,973,323,9.033999987877905
cat_random4,321,363,2,2,2,10,3,470,154,5.003875005058944
cat_random4,322,364,3,8,5,10,6,1543,515,14.124832930974662
cat_random4,323,365,2,10,2,6,4,885,282,8.578166016377509
cat_random4,324,366,3,5,5,10,7,831,231,9.325542021542788
cat_random4,325,367,0,10,2,4,6,783,232,9.476915933191776
cat_random4,326,368,0,4,7,5,10,1307,376,13.062499929219484
cat_random4,327,369,0,9,2,10,4,1628,508,14.67562501784414
cat_random4,328,370,2,4,10,6,6,1191,350,11.276582954451442
cat_random4,329,371,3,10,9,2,5,1086,319,10.886166943237185
cat_random4,330,372,1,2,5,10,8,969,313,9.887541993521154
cat_random4,331,373,0,10,3,2,2,638,216,6.066750036552548
cat_random4,332,374,3,6,10,2,4,1056,303,10.232125059701502
cat_random4,333,375,1,6,3,7,10,1116,353,13.391040964052081
cat_random4,334,376,0,3,8,9,10,1273,384,16.10725000500679
cat_random4,335,377,1,4,4,10,2,766,245,6.995792035013437
cat_random4,336,378,2,3,5,10,5,755,230,8.155083982273936
cat_random4,337,379,3,5,5,10,4,1792,611,16.4959579706192
cat_random4,338,380,1,9,3,8,10,1570,489,13.804250047542155
cat_random4,339,381,1,3,10,3,3,914,297,9.15120798163116
cat_random4,340,382,3,2,3,10,2,602,207,6.612624973058701
cat_random4,341,383,2,4,3,10,4,861,266,7.954875007271767
cat_random4,342,384,0,5,5,6,10,818,240,8.674458949826658
cat_random4,343,385,2,3,2,10,7,987,314,9.632207918912172
cat_random4,344,386,2,7,10,3,4,799,246,8.096333942376077
cat_random4,345,387,2,5,6,10,2,734,246,7.014458067715168
cat_random4,346,388,0,5,5,10,3,1241,404,10.889917029999197
cat_random4,347,389,3,10,3,6,5,772,215,7.1902499767020345
cat_random4,348,390,2,6,10,4,6,1910,622,16.340167028829455
cat_random4,349,391,3,4,10,8,9,1506,475,15.701542026363313
cat_random4,350,392,0,6,7,7,10,1637,500,16.82550006080419
cat_random4,351,393,2,10,2,2,6,626,194,7.943082950077951
cat_random4,352,394,3,2,6,10,8,1128,347,10.621624998748302
cat_random4,353,395,2,10,8,4,4,908,278,9.411833016201854
cat_random4,354,396,3,2,2,4,10,1443,475,12.146124965511262
cat_random4,355,397,3,5,6,10,5,1274,399,12.569166952744126
cat_random4,356,398,3,8,2,10,2,962,331,9.630167041905224
cat_random4,357,399,0,10,2,5,4,413,124,5.931542022153735
cat_random4,358,400,1,6,2,8,10,762,245,8.575874962843955
cat_random4,359,401,2,4,10,2,3,684,234,7.3727910639718175
cat_random4,360,402,1,10,5,7,2,993,349,10.784416925162077
cat_random4,361,403,2,5,5,6,11,1070,302,9.770834003575146
cat_random4,362,404,2,9,5,8,10,1711,510,17.779792076908052
cat_random4,363,405,0,10,8,9,9,2669,752,22.566416999325156
cat_random4,364,406,1,4,10,6,8,1795,609,17.03420898411423
cat_random4,365,407,1,7,10,5,3,779,233,8.571207989007235
cat_random4,366,408,0,4,7,4,10,805,228,7.258625002577901
cat_random4,367,409,3,8,7,10,7,1444,407,14.698541956022382
cat_random4,368,410,3,10,4,3,5,845,267,8.791333064436913
cat_random4,369,411,3,5,3,10,3,488,155,5.266000051051378
cat_random4,370,412,3,4,10,2,6,1331,443,13.510582968592644
cat_random4,371,413,2,3,8,10,4,1242,362,11.607834021560848
cat_random4,372,414,1,7,10,7,5,1166,321,10.96700003836304
cat_random4,373,415,3,6,5,3,10,1527,491,14.202916994690895
cat_random4,374,416,3,8,4,2,10,951,287,10.289083933457732
cat_random4,375,417,2,4,10,7,6,1032,314,10.823083110153675
cat_random4,376,418,2,10,3,5,8,1635,526,15.581332962028682
cat_random4,377,419,0,4,10,4,8,893,256,10.860541020520031
cat_random4,378,420,1,5,2,10,6,1334,441,11.082459008321166
cat_random4,379,421,2,5,4,6,10,723,210,8.111500064842403
cat_random4,380,422,2,10,2,2,2,397,130,3.6057080142199993
cat_random4,381,423,1,10,6,3,2,1179,365,11.683291057124734
cat_random4,382,424,1,2,2,10,5,883,313,9.533209027722478
cat_random4,383,425,1,10,5,6,4,1166,329,11.822834028862417
cat_random4,384,426,3,10,6,8,4,1404,439,13.489458011463284
cat_random4,385,427,0,4,10,7,2,862,276,9.112249943427742
cat_random4,386,428,1,10,6,7,5,1467,417,14.152499963529408
cat_random4,387,429,2,8,10,2,7,1336,418,14.654917060397565
cat_random4,388,430,2,10,8,2,5,1203,334,12.138125021010637
cat_random4,389,431,0,3,7,10,4,747,228,7.659416063688695
cat_random4,390,432,0,4,9,4,10,1115,332,10.543874930590391
cat_random4,391,433,1,5,6,10,2,681,205,9.477000101469457
cat_random4,392,434,3,7,10,2,4,1102,347,11.281666927970946
cat_random4,393,435,3,10,4,4,2,911,307,8.66841699462384
cat_random4,394,436,3,10,5,9,7,1159,343,11.49458298459649
cat_random4,395,437,2,4,7,7,10,1196,330,11.403458076529205
cat_random4,396,438,3,3,8,4,10,869,239,9.270832990296185
cat_random4,397,439,2,9,6,10,2,1071,298,11.29558403044939
cat_random4,398,440,1,7,8,9,10,2191,609,20.968958036974072
cat_random4,399,441,0,8,10,5,5,1372,432,12.896458967588842
cat_random4,400,442,1,8,10,7,6,1409,413,13.497750042006373
cat_random4,401,443,2,4,3,9,10,745,242,7.773499935865402
cat_random4,402,444,0,8,5,10,3,945,284,10.237707989290357
cat_random4,403,445,1,10,7,4,7,1188,361,11.157582979649305
cat_random4,404,446,2,10,5,8,7,1097,318,11.62366708740592
cat_random4,405,447,2,10,4,2,2,949,298,9.024875005707145
cat_random4,406,448,1,10,2,2,6,471,153,6.516458000987768
cat_random4,407,449,0,3,10,7,6,811,252,8.64483299665153
cat_random4,408,450,3,7,3,10,3,1192,411,11.756833991967142
cat_random4,409,451,2,2,3,3,11,939,318,8.146833046339452
cat_random4,410,452,3,10,2,3,3,1223,407,11.541999992914498
cat_random4,411,453,2,2,5,10,5,888,274,7.810250041075051
cat_random4,412,454,0,8,7,10,9,3207,908,27.10479195229709
cat_random4,413,455,0,10,8,2,2,895,284,8.200542069971561
cat_random4,414,456,2,9,3,10,8,1578,506,13.846375048160553
cat_random4,415,457,0,2,10,3,7,1263,444,10.612791986204684
cat_random4,416,458,3,2,3,3,10,721,239,7.938417023979127
cat_random4,417,459,1,4,4,2,10,644,181,7.20241607632488
cat_random4,418,460,1,3,4,3,10,457,141,6.614416022785008
cat_random4,419,461,1,10,3,6,3,778,265,7.343208999373019
cat_random4,420,462,0,10,4,6,6,1328,404,13.688208069652319
cat_random4,421,463,2,10,3,2,6,702,242,6.723541999235749
cat_random4,422,464,3,4,10,3,6,1165,339,9.913832996971905
cat_random4,423,465,2,3,5,10,5,1082,334,11.598375043831766
cat_random4,424,466,3,5,5,10,7,896,267,9.8923749756068
cat_random4,425,467,2,5,5,2,10,661,206,6.425000028684735
cat_random4,426,468,0,5,10,3,9,1217,380,13.655542046763003
cat_random4,427,469,2,2,5,4,10,674,210,6.757208961062133
cat_random4,428,470,2,6,10,9,4,1511,506,14.544083969667554
cat_random4,429,471,2,7,11,2,7,806,240,9.61516599636525
cat_random4,430,472,0,2,10,3,2,721,228,6.366249988786876
cat_random4,431,473,0,7,4,10,5,1200,332,12.132333009503782
cat_random4,432,474,0,10,8,2,5,1092,344,10.211916989646852
cat_random4,433,475,1,4,2,3,10,654,209,6.293665966950357
cat_random4,434,476,3,10,7,3,3,838,239,7.971208076924086
cat_random4,435,477,2,3,10,3,7,1011,302,9.891874971799552
cat_random4,436,478,2,3,7,7,10,1198,370,12.49858399387449
cat_random4,437,479,1,4,4,10,4,825,265,8.31620895769447
cat_random4,438,480,0,4,2,9,10,1160,364,10.39800001308322
cat_random4,439,481,0,6,4,2,10,755,244,6.905665970407426
cat_random4,440,482,2,10,5,2,2,680,222,6.082333042286336
cat_random4,441,483,3,5,2,3,10,892,295,9.434375097043812
cat_random4,442,484,3,10,2,3,3,716,259,7.15662504080683
cat_random4,443,485,3,6,2,4,10,633,203,7.343249977566302
cat_random4,444,486,1,10,6,4,2,735,229,7.979959016665816
cat_random4,445,487,2,10,2,8,2,799,254,8.19679198320955
cat_random4,446,488,1,2,9,10,2,866,269,8.28891689889133
cat_random4,447,489,2,7,3,5,10,1568,518,12.511375010944903
cat_random4,448,490,1,4,8,10,6,1835,537,16.876665991730988
cat_random4,449,491,1,9,10,6,5,1790,585,17.46116706635803
cat_random4,450,492,0,10,6,2,3,542,172,5.3117499919608235
cat_random4,451,493,2,4,10,3,2,415,114,4.667125060223043
cat_random4,452,494,3,3,6,2,10,735,235,7.788832997903228
cat_random4,453,495,1,10,5,6,2,1033,321,10.140458005480468
cat_random4,454,496,2,10,4,8,4,1820,542,16.396749997511506
cat_random4,455,497,2,10,2,2,2,496,166,4.111874965019524
cat_random4,456,498,1,2,10,3,6,784,241,6.606833077967167
cat_random4,457,499,1,2,2,4,10,715,225,6.3838750356808305
cat_random4,458,500,0,6,3,7,10,1317,384,12.818249990232289
cat_random4,459,501,1,3,7,9,10,870,257,8.801667019724846
cat_random4,460,502,2,2,10,7,5,934,290,10.112165939062834
cat_random4,461,503,2,6,5,8,10,1121,318,11.408167076297104
cat_random4,462,504,3,11,3,2,2,814,291,8.258166955783963
cat_random4,463,505,0,2,10,2,4,431,140,4.971583024598658
cat_random4,464,506,2,3,7,10,4,643,194,9.377250098623335
cat_random4,465,507,0,4,2,2,10,439,140,4.040875006467104
cat_random4,466,508,1,7,10,2,2,786,249,7.415874977596104
cat_random4,467,509,0,2,2,7,10,932,316,8.685374981723726
cat_random4,468,510,2,5,6,4,10,1226,366,11.482208035886288
cat_random4,469,511,2,4,2,7,10,817,246,9.215792058967054
cat_random4,470,512,0,10,5,2,5,785,228,7.287499960511923
cat_random4,471,513,1,6,2,4,10,620,189,6.2234589131549
cat_random4,472,514,0,8,4,10,9,2465,764,23.209791048429906
cat_random4,473,515,2,7,5,10,3,1284,378,12.336540967226028
cat_random4,474,516,3,9,5,4,10,894,251,10.817290982231498
cat_random4,475,517,1,5,6,10,6,1457,465,12.91858300101012
cat_random4,476,518,0,5,6,10,7,1044,304,10.865250020287931
cat_random4,477,519,1,10,4,8,8,1486,473,15.135291963815689
cat_random4,478,520,2,6,10,2,8,1528,502,13.356999959796667
cat_random4,479,521,3,6,3,10,4,682,227,7.599665899761021
cat_random4,480,522,2,2,10,5,3,656,210,7.872082991525531
cat_random4,481,523,3,10,4,2,9,896,299,8.114458993077278
cat_random4,482,524,1,10,3,4,2,458,141,4.656875040382147
cat_random4,483,525,2,6,3,4,10,846,254,10.587624972686172
cat_random4,484,526,0,7,10,7,6,1686,480,16.835040994919837
cat_random4,485,527,0,5,6,8,10,2260,724,19.250417011789978
cat_random4,486,528,1,4,7,10,7,1068,337,11.571208946406841
cat_random4,487,529,3,8,8,6,10,2281,691,20.59825009200722
cat_random4,488,530,0,6,4,10,6,1570,504,14.902082970365882
cat_random4,489,531,2,2,3,2,11,734,242,6.76370901055634
cat_random4,490,532,3,2,4,7,10,1213,411,11.38795807491988
cat_random4,491,533,1,10,4,2,3,504,157,5.871083936654031
cat_random4,492,534,3,5,10,2,2,569,207,5.711416946724057
cat_random4,493,535,3,10,2,3,2,556,179,6.660290993750095
cat_random4,494,536,1,3,4,10,8,960,309,10.065958020277321
cat_random4,495,537,1,10,8,3,6,1144,345,13.088957988657057
cat_random4,496,538,2,10,3,5,2,1119,390,10.30154200270772
cat_random4,497,539,2,7,5,4,10,710,214,7.946457946673036
cat_random4,498,540,2,4,10,3,4,739,254,6.885999930091202
cat_random4,499,541,2,2,10,4,6,716,202,7.4971669819206
cat_random4,500,542,3,7,10,5,3,1539,483,13.965042075142264
cat_random4,501,543,0,7,10,2,4,501,148,6.0751250712201
cat_random4,502,544,2,5,10,5,8,1549,454,14.936125022359192
cat_random4,503,545,1,4,6,10,2,944,293,11.763332993723452
cat_random4,504,546,0,10,4,5,3,611,192,6.578708998858929
cat_random4,505,547,0,11,3,3,6,809,252,7.896041963249445
cat_random4,506,548,1,5,4,5,10,1719,645,13.54495796840638
cat_random4,507,549,0,8,10,2,3,848,264,8.639291976578534
cat_random4,508,550,2,10,3,4,2,648,198,6.330124917440116
cat_random4,509,551,2,2,2,10,4,857,290,7.037959061563015
cat_random4,510,552,3,3,10,6,8,1360,391,13.537874910980463
cat_random4,511,553,3,9,6,10,5,1039,287,11.427791905589402
cat_random4,512,554,0,2,4,10,4,1220,440,11.027666041627526
cat_random4,513,555,0,5,10,3,9,1216,336,13.149249949492514
cat_random4,514,556,3,8,5,10,4,892,279,9.358583949506283
cat_random4,515,557,3,2,10,2,7,726,219,7.365499972365797
cat_random4,516,558,3,9,3,10,5,1967,639,17.957458971068263
cat_random4,517,559,2,3,10,2,3,738,238,7.028957945294678
cat_random4,518,560,2,2,2,10,3,614,206,5.034332978539169
cat_random4,519,561,0,4,10,4,3,378,120,5.005459068343043
cat_random4,520,562,3,4,10,3,3,511,163,4.6300418907776475
cat_random4,521,563,3,5,10,4,4,1346,455,12.508957996033132
cat_random4,522,564,0,6,9,10,7,2125,648,18.358750035986304
cat_random4,523,565,2,6,2,10,2,493,154,4.957791999913752
cat_random4,524,566,0,7,7,4,10,1264,336,13.37470905855298
cat_random4,525,567,3,10,3,4,2,705,227,7.355957990512252
cat_random4,526,568,0,10,4,4,4,844,256,10.287624900229275
cat_random4,527,569,0,10,3,2,6,861,260,9.376000030897558
cat_random4,528,570,3,4,10,2,2,620,191,7.2275829734280705
cat_random4,529,571,0,3,10,4,5,1020,340,9.900375036522746
cat_random4,530,572,1,7,6,7,10,2022,565,18.531291978433728
cat_random4,531,573,2,3,3,4,11,891,310,8.604250033386052
cat_random4,532,574,3,4,10,3,4,893,295,8.634416968561709
cat_random4,533,575,2,10,7,4,4,1034,354,9.923999896273017
cat_random4,534,576,3,8,10,5,8,2279,607,20.792082999832928
cat_random4,535,577,1,8,10,8,8,1409,389,12.47112499549985
cat_random4,536,578,3,6,5,7,10,1633,547,14.32924997061491
cat_random4,537,579,3,10,2,3,5,658,215,7.190917036496103
cat_random4,538,580,3,4,3,6,10,1516,519,12.6168749993667
cat_random4,539,581,1,8,6,5,10,1627,521,16.03620802052319
cat_random4,540,582,3,3,4,7,10,902,295,9.3914590543136
cat_random4,541,583,0,10,2,3,4,514,156,5.633834050968289
cat_random4,542,584,3,4,10,3,4,608,187,7.373208994977176
cat_random4,543,585,2,5,4,10,9,1094,330,10.487499996088445
cat_random4,544,586,2,3,10,3,5,814,270,7.6202909694984555
cat_random4,545,587,2,9,10,4,5,1654,510,16.252457979135215
cat_random4,546,588,2,10,3,2,6,762,222,7.3339169612154365
cat_random4,547,589,1,8,10,3,5,1110,337,10.717750061303377
cat_random4,548,590,3,5,3,10,6,743,239,6.866957992315292
cat_random4,549,591,1,3,2,10,2,484,161,4.814916057512164
cat_random4,550,592,0,10,8,4,2,770,224,7.0255419705063105
cat_random4,551,593,0,8,4,10,5,1138,368,11.530042043887079
cat_random4,552,594,2,10,2,8,5,651,190,7.510583964176476
cat_random4,553,595,0,2,5,10,2,649,212,7.287083077244461
cat_random4,554,596,2,8,4,10,4,1172,342,10.914249927736819
cat_random4,555,597,1,6,4,5,10,1025,277,10.103957960382104
cat_random4,556,598,2,6,10,5,6,1477,466,14.298417023383081
cat_random4,557,599,3,4,9,10,2,828,259,8.151083020493388
cat_random4,558,600,1,6,10,4,8,1174,381,10.572041966952384
cat_random4,559,601,2,10,3,6,3,1359,446,13.114708010107279
cat_random4,560,602,1,10,5,2,2,1043,385,8.409625035710633
cat_random4,561,603,2,4,2,4,10,1256,450,11.005542008206248
cat_random4,562,604,2,6,10,2,6,666,202,7.32070894446224
cat_random4,563,605,3,10,2,4,5,863,291,7.852750015445054
cat_random4,564,606,2,6,2,10,7,658,206,7.411209051497281
cat_random4,565,607,1,5,8,3,10,1356,405,12.736791977658868
cat_random4,566,608,3,5,5,7,10,1316,439,12.052332982420921
cat_random4,567,609,1,10,5,2,3,708,213,6.477374932728708
cat_random4,568,610,3,10,5,2,2,676,235,7.393833016976714
cat_random4,569,611,3,6,10,9,8,1282,355,13.036999967880547
cat_random4,570,612,0,3,10,3,3,726,228,7.5055829947814345
cat_random4,571,613,0,2,6,10,2,733,236,6.135750096291304
cat_random4,572,614,3,3,10,9,8,1766,487,16.8762500397861
cat_random4,573,615,2,10,5,3,5,826,262,9.911790955811739
cat_random4,574,616,1,3,7,10,7,1172,341,12.483457918278873
cat_random4,575,617,3,10,6,3,4,862,287,8.034875034354627
cat_random4,576,618,0,4,2,5,10,1253,384,10.072999983094633
cat_random4,577,619,3,5,10,9,2,1072,315,8.989374968223274
cat_random4,578,620,0,2,11,3,2,593,184,5.927749909460545
cat_random4,579,621,0,4,4,10,6,1749,564,14.782708021812141
cat_random4,580,622,1,10,2,6,3,789,261,8.524250006303191
cat_random4,581,623,2,3,6,4,10,809,238,8.489541010931134
cat_random4,582,624,2,5,3,10,7,1354,410,11.929832980968058
cat_random4,583,625,1,4,10,4,6,867,261,8.929832954891026
cat_random4,584,626,0,5,8,10,9,1539,460,13.440540991723537
cat_random4,585,627,1,3,5,6,10,1164,373,10.656624916009605
cat_random4,586,628,0,5,8,8,10,1460,436,13.428332982584834
cat_random4,587,629,1,4,10,6,5,1372,425,12.113042059354484
cat_random4,588,630,1,10,3,2,6,979,317,9.604040998965502
cat_random4,589,631,1,5,10,3,2,753,241,8.431917056441307
cat_random4,590,632,0,3,6,10,2,854,276,7.89254205301404
cat_random4,591,633,1,3,10,6,8,1941,597,18.36533402092755
cat_random4,592,634,2,8,3,10,3,915,270,9.580250014550984
cat_random4,593,635,3,10,5,4,2,995,323,8.946999907493591
cat_random4,594,636,2,7,4,10,2,908,274,10.371249984018505
cat_random4,595,637,3,4,6,10,3,1023,299,9.07345802988857
cat_random4,596,638,2,8,6,10,5,1275,386,12.877250090241432
cat_random4,597,639,0,7,2,4,10,1400,468,12.38429092336446
cat_random4,598,640,0,10,2,4,3,636,200,6.122709019109607
cat_random4,599,641,2,4,6,10,6,1177,374,11.455750092864037
cat_random4,600,642,1,4,10,9,5,1542,481,15.955250011757016
cat_random4,601,643,1,8,2,10,3,621,189,6.4529579831287265
cat_random4,602,644,3,10,7,2,9,1126,363,11.17479195818305
cat_random4,603,645,3,2,2,4,10,641,203,7.185791968367994
cat_random4,604,646,2,10,6,6,8,1331,382,11.896500014699996
cat_random4,605,647,3,5,10,4,6,654,195,6.817625020630658
cat_random4,606,648,1,4,3,10,2,938,285,9.350958047434688
cat_random4,607,649,1,10,7,9,9,2085,641,19.163292017765343
cat_random4,608,650,0,5,3,10,3,593,180,6.096582976169884
cat_random4,609,651,2,2,4,5,10,1077,358,9.433333994820714
cat_random4,610,652,0,7,10,7,7,1392,396,13.048375025391579
cat_random4,611,653,1,6,3,10,8,1390,425,13.845750014297664
cat_random4,612,654,1,4,3,10,9,820,221,7.991083082742989
cat_random4,613,655,2,7,10,5,5,834,226,8.973916992545128
cat_random4,614,656,3,2,10,6,2,1220,443,10.6094169896096
cat_random4,615,657,3,10,6,3,3,993,283,11.289042071439326
cat_random4,616,658,3,5,8,10,3,1846,539,15.954958042129874
cat_random4,617,659,3,8,4,8,10,1739,451,17.302833031862974
cat_random4,618,660,1,3,6,10,3,697,213,5.706583033315837
cat_random4,619,661,3,10,8,4,7,1129,331,11.660833959467709
cat_random4,620,662,2,2,7,10,5,1231,374,12.280875002034009
cat_random4,621,663,1,8,10,8,5,1753,485,14.999625040218234
cat_random4,622,664,2,10,5,2,2,532,166,7.643999997526407
cat_random4,623,665,1,5,2,10,3,553,185,6.021999986842275
cat_random4,624,666,1,2,10,4,4,556,181,4.756874986924231
cat_random4,625,667,0,10,6,2,8,1666,544,17.62091601267457
cat_random4,626,668,0,8,2,3,10,1012,316,9.619667078368366
cat_random4,627,669,3,10,2,7,3,660,203,6.941791973076761
cat_random4,628,670,1,8,3,8,10,1730,525,16.465041902847588
cat_random4,629,671,2,5,3,11,5,1065,334,11.12862501759082
cat_random4,630,672,3,3,10,4,5,790,231,7.354624918662012
cat_random4,631,673,0,2,7,10,9,1645,516,14.637499931268394
cat_random4,632,674,3,5,10,9,6,2194,607,19.926583976484835
cat_random4,633,675,1,8,3,6,10,1147,313,12.277583940885961
cat_random4,634,676,3,3,6,7,10,1008,335,9.818125050514936
cat_random4,635,677,0,10,3,2,9,1184,392,11.137333000078797
cat_random4,636,678,3,9,5,10,2,1562,459,15.509999939240515
cat_random4,637,679,3,3,9,10,5,1437,419,14.1096250154078
cat_random4,638,680,3,2,10,4,3,382,127,3.648540936410427
cat_random4,639,681,1,3,3,10,2,531,169,5.1925829611718655
cat_random4,640,682,3,3,3,4,10,1494,507,12.31937506236136
cat_random4,641,683,1,10,3,4,5,580,177,6.214083055965602
cat_random4,642,684,2,3,10,4,9,1338,394,13.926708023063838
cat_random4,643,685,2,7,2,7,10,1389,438,14.922333066351712
cat_random4,644,686,3,9,2,2,10,1319,431,11.012458009645343
cat_random4,645,687,2,4,10,4,5,673,210,8.383832988329232
cat_random4,646,688,0,8,5,10,8,1857,480,17.504165996797383
cat_random4,647,689,0,2,10,5,5,721,216,6.7059589782729745
cat_random4,648,690,0,5,5,10,9,1365,420,13.720207964070141
cat_random4,649,691,3,5,7,3,12,1358,415,13.166624936275184
cat_random4,650,692,3,3,10,7,5,941,287,10.039416025392711
cat_random4,651,693,2,4,10,5,3,1112,350,10.880082962103188
cat_random4,652,694,3,6,2,10,7,1411,435,14.661709079518914
cat_random4,653,695,0,2,6,10,2,844,252,9.12654201965779
cat_random4,654,696,0,9,10,2,2,1086,320,9.812834090553224
cat_random4,655,697,3,3,9,4,10,1493,499,13.523166999220848
cat_random4,656,698,0,5,4,10,2,883,296,8.65770794916898
cat_random4,657,699,3,5,10,5,6,1762,555,16.970249940641224
cat_random4,658,700,2,7,4,4,10,1097,334,10.053874924778938
cat_random4,659,701,2,10,8,3,8,2556,770,23.37879198603332
cat_random4,660,702,3,8,10,4,3,1351,459,12.93295796494931
cat_random4,661,703,1,3,11,3,6,1124,365,10.420667007565498
cat_random4,662,704,1,5,2,2,10,865,265,9.147167089395225
cat_random4,663,705,2,2,10,3,4,534,174,5.1442080875858665
cat_random4,664,706,1,2,2,2,10,238,69,4.097374971024692
cat_random4,665,707,1,8,7,10,5,1041,293,11.83045795187354
cat_random4,666,708,3,5,6,3,10,937,315,8.174041053280234
cat_random4,667,709,1,10,5,6,8,1077,309,10.873958002775908
cat_random4,668,710,1,4,3,10,2,660,233,7.512292009778321
cat_random4,669,711,3,10,4,2,3,279,83,3.47462494391948
cat_random4,670,712,2,2,10,2,2,524,178,5.8597089955583215
cat_random4,671,713,2,4,10,6,8,620,178,6.45625009201467
cat_random4,672,714,0,10,8,4,5,1542,456,14.098042040131986
cat_random4,673,715,0,10,7,4,5,1462,484,13.290458940900862
cat_random4,674,716,1,5,4,7,10,1696,577,14.512958005070686
cat_random4,675,717,3,4,5,4,10,709,203,7.157125044614077
cat_random4,676,718,1,6,2,9,10,1432,485,13.31433397717774
cat_random4,677,719,0,9,9,10,4,1774,532,16.74724998883903
cat_random4,678,720,0,5,10,2,5,870,260,9.298915974795818
cat_random4,679,721,3,11,5,6,5,793,223,9.263332933187485
cat_random4,680,722,0,9,10,3,5,1377,428,14.883166993968189
cat_random4,681,723,0,4,10,2,6,1285,400,11.032084003090858
cat_random4,682,724,1,10,7,3,2,1277,413,16.125082969665527
cat_random4,683,725,3,9,2,10,2,1346,459,13.068374944850802
cat_random4,684,726,1,5,10,6,7,1740,561,16.588709084317088
cat_random4,685,727,1,5,3,10,4,804,249,8.917207946069539
cat_random4,686,728,1,3,10,3,6,652,197,7.435749983415008
cat_random4,687,729,0,3,5,10,6,721,220,8.700249949470162
cat_random4,688,730,3,3,8,4,10,1587,507,12.360000051558018
cat_random4,689,731,0,10,4,4,4,694,216,7.017957977950573
cat_random4,690,732,1,3,10,6,2,613,189,6.530500017106533
cat_random4,691,733,0,2,3,4,10,802,260,6.128582987003028
cat_random4,692,734,3,10,9,9,3,1649,435,14.672499964945018
cat_random4,693,735,2,5,8,10,8,1871,522,17.284583998844028
cat_random4,694,736,3,4,10,3,3,687,219,6.126540945842862
cat_random4,695,737,1,7,2,10,7,1591,529,13.396000023931265
cat_random4,696,738,0,4,10,7,2,708,216,6.9720420287922025
cat_random4,697,739,2,7,9,4,10,1846,534,17.077041906304657
cat_random4,698,740,1,5,10,8,2,1067,313,10.717750061303377
cat_random4,699,741,3,2,5,4,10,493,159,4.60904196370393
cat_random4,700,742,3,4,3,10,4,666,219,6.3984589651227
cat_random4,701,743,3,2,10,5,2,512,151,6.419666926376522
cat_random4,702,744,3,10,4,6,2,1000,303,9.975916938856244
cat_random4,703,745,2,2,3,2,10,639,198,6.470374995842576
cat_random4,704,746,3,4,10,2,2,837,283,7.2786250384524465
cat_random4,705,747,0,2,4,10,3,473,144,4.451749962754548
cat_random4,706,748,2,8,10,4,5,1528,474,16.310707898810506
cat_random4,707,749,3,10,5,2,3,636,199,6.473875022493303
cat_random4,708,750,3,5,4,5,10,1556,487,14.11337498575449
cat_random4,709,751,2,4,3,11,3,930,314,8.758040959946811
cat_random4,710,752,2,8,2,10,4,1325,422,10.605707997456193
cat_random4,711,753,0,3,4,10,2,520,152,4.454208887182176
cat_random4,712,754,0,2,10,3,7,1047,340,9.279375080950558
cat_random4,713,755,0,7,4,5,10,1289,384,12.919000000692904
cat_random4,714,756,1,5,10,3,7,542,173,5.939709022641182
cat_random4,715,757,3,4,10,2,2,484,143,5.647000041790307
cat_random4,716,758,0,6,8,10,4,1251,380,11.117625050246716
cat_random4,717,759,2,3,5,9,10,1178,338,11.851625051349401
cat_random4,718,760,0,3,10,2,4,834,296,7.898958050645888
cat_random4,719,761,0,6,10,5,8,992,300,11.667583021335304
cat_random4,720,762,3,8,9,6,10,1823,483,18.551125074736774
cat_random4,721,763,2,3,6,5,10,883,270,8.542541996575892
cat_random4,722,764,1,10,3,3,3,1208,405,12.092458084225655
cat_random4,723,765,2,7,6,5,10,789,226,9.231375064700842
cat_random4,724,766,0,6,2,10,9,735,228,7.3839169926941395
cat_random4,725,767,2,3,10,4,5,1175,410,9.595624986104667
cat_random4,726,768,3,2,6,9,10,1534,483,16.196624957956374
cat_random4,727,769,1,2,5,5,10,954,293,10.144999949261546
cat_random4,728,770,1,10,4,2,5,1250,389,12.163542094640434
cat_random4,729,771,1,10,4,6,5,725,221,7.717959000729024
cat_random4,730,772,1,5,2,10,4,1144,357,10.690166032873094
cat_random4,731,773,3,10,5,3,7,1592,551,15.280958032235503
cat_random4,732,774,2,7,3,6,10,909,274,9.253499913029373
cat_random4,733,775,1,10,2,5,3,733,237,8.780792006291449
cat_random4,734,776,0,3,5,5,11,946,292,8.081584004685283
cat_random4,735,777,0,4,10,6,3,1407,504,12.150416965596378
cat_random4,736,778,2,2,4,6,10,811,254,7.3223329382017255
cat_random4,737,779,3,8,5,10,8,1472,427,13.394166948273778
cat_random4,738,780,2,8,9,4,10,1122,326,11.771291960030794
cat_random4,739,781,0,8,10,9,5,1414,408,15.473415958695114
cat_random4,740,782,0,11,8,5,3,1260,364,12.040291912853718
cat_random4,741,783,1,10,5,4,2,610,181,6.67733303271234
cat_random4,742,784,0,4,7,9,10,863,268,10.158416000194848
cat_random4,743,785,2,3,10,4,8,1231,342,11.818208964541554
cat_random4,744,786,0,9,4,10,8,1736,552,15.543292043730617
cat_random4,745,787,3,10,4,3,6,1059,375,10.384124936535954
cat_random4,746,788,3,3,6,10,3,941,263,8.711209055036306
cat_random4,747,789,2,10,4,2,4,1261,410,10.975124896503985
cat_random4,748,790,1,3,10,3,8,851,257,9.734708000905812
cat_random4,749,791,3,3,2,2,10,565,183,5.448166048154235
cat_random4,750,792,2,10,7,6,5,691,194,7.606124971061945
cat_random4,751,793,2,4,3,7,10,894,262,9.550416958518326
cat_random4,752,794,3,7,10,3,7,1637,507,15.67179209087044
cat_random4,753,795,0,2,7,6,10,1117,328,10.537666967138648
cat_random4,754,796,2,8,3,10,3,1317,434,13.07649991940707
cat_random4,755,797,1,10,6,3,9,1644,477,14.113750075921416
cat_random4,756,798,3,10,6,7,8,1580,479,14.621332986280322
cat_random4,757,799,1,3,8,10,2,1049,337,10.194082977250218
cat_random4,758,800,1,2,9,10,7,1226,373,13.026874978095293
cat_random4,759,801,2,4,10,5,3,872,274,9.60799993481487
cat_random4,760,802,3,10,3,2,9,1062,339,10.039290995337069
cat_random4,761,803,1,2,4,2,11,591,181,6.876832921989262
cat_random4,762,804,3,10,7,5,6,1271,375,13.539833016693592
cat_random4,763,805,2,5,2,10,2,572,174,5.5897500133141875
cat_random4,764,806,3,2,3,10,3,757,239,7.391249993816018
cat_random4,765,807,1,3,9,6,10,1237,401,12.671625008806586
cat_random4,766,808,1,4,10,3,3,783,245,8.393916068598628
cat_random4,767,809,3,3,4,10,5,460,123,4.76737495046109
cat_random4,768,810,0,6,4,5,10,980,316,8.54166701901704
cat_random4,769,811,3,3,6,10,8,1054,327,10.700250044465065
cat_random4,770,812,2,8,5,10,8,1259,386,12.126583023928106
cat_random4,771,813,3,2,7,10,6,1061,307,10.75737492647022
cat_random4,772,814,3,7,6,8,10,1212,355,13.337207958102226
cat_random4,773,815,2,8,9,6,10,2007,582,18.648708006367087
cat_random4,774,816,1,7,3,10,2,1680,573,13.378500007092953
cat_random4,775,817,3,10,6,4,2,628,199,8.050582953728735
cat_random4,776,818,3,10,5,9,3,1402,423,14.536292059347034
cat_random4,777,819,0,6,3,10,2,1020,320,10.487915948033333
cat_random4,778,820,1,2,3,6,10,837,273,9.517707978375256
cat_random4,779,821,1,2,10,3,2,781,261,6.521832896396518
cat_random4,780,822,3,3,2,5,10,976,315,8.309375029057264
cat_random4,781,823,0,9,2,10,4,1074,328,9.561166982166469
cat_random4,782,824,1,8,5,10,5,1106,309,10.599583969451487
cat_random4,783,825,0,2,5,10,7,714,236,6.870958022773266
cat_random4,784,826,2,6,4,2,10,928,290,8.688124944455922
cat_random4,785,827,2,5,3,2,10,1134,394,9.313499904237688
cat_random4,786,828,1,10,6,2,5,1283,393,11.543417000211775
cat_random4,787,829,1,2,3,3,10,476,153,5.318042007274926
cat_random4,788,830,3,3,10,2,4,853,259,8.818749920465052
cat_random4,789,831,2,7,4,10,8,1051,294,12.45462498627603
cat_random4,790,832,0,5,7,10,3,1030,336,10.64654195215553
cat_random4,791,833,3,4,2,4,10,645,199,7.113415980711579
cat_random4,792,834,0,7,4,10,6,1722,552,15.123791992664337
cat_random4,793,835,1,4,4,7,10,1327,365,12.203792110085487
cat_random4,794,836,3,3,10,3,4,374,107,4.0013749385252595
cat_random4,795,837,3,6,4,5,10,1260,423,11.73291599843651
cat_random4,796,838,1,2,3,2,10,440,145,3.9822079706937075
cat_random4,797,839,1,6,11,3,3,944,309,10.632916004396975
cat_random4,798,840,0,3,10,6,2,513,160,5.6273749796673656
cat_random4,799,841,2,8,2,10,7,1202,342,12.585500022396445
cat_random4,800,842,3,2,2,10,4,652,203,6.280832923948765
cat_random4,801,843,1,6,6,10,6,1420,433,13.722750009037554
cat_random4,802,844,3,6,4,10,2,585,179,6.717500044032931
cat_random4,803,845,2,2,3,4,10,445,138,4.5704590156674385
cat_random4,804,846,0,10,7,9,5,2278,716,19.779083086177707
cat_random4,805,847,1,4,10,4,3,840,257,9.638666058890522
cat_random4,806,848,2,10,3,2,9,867,250,9.112042025662959
cat_random4,807,849,3,3,10,2,9,977,287,10.610624914988875
cat_random4,808,850,1,2,10,2,2,358,117,3.217916004359722
cat_random4,809,851,3,10,5,9,7,1938,531,18.003458972088993
cat_random4,810,852,3,7,7,2,10,866,247,8.125249994918704
cat_random4,811,853,3,10,3,3,7,501,151,6.625124951824546
cat_random4,812,854,0,7,5,10,3,1023,308,11.300957994535565
cat_random4,813,855,2,10,6,3,5,910,274,9.535625111311674
cat_random4,814,856,2,2,6,10,3,517,162,6.383416010066867
cat_random4,815,857,1,2,4,10,2,908,285,9.900292032398283
cat_random4,816,858,2,3,2,3,10,971,330,9.565584012307227
cat_random4,817,859,3,2,7,3,10,654,207,6.585582974366844
cat_random4,818,860,0,2,10,2,2,588,184,6.060458021238446
cat_random4,819,861,1,4,10,2,8,998,313,9.888333035632968
cat_random4,820,862,2,10,2,3,5,615,190,5.503542022779584
cat_random4,821,863,1,5,8,6,10,1496,401,14.489582972601056
cat_random4,822,864,0,2,9,10,5,1450,416,13.427541009150445
cat_random4,823,865,2,10,3,3,5,911,290,9.13216604385525
cat_random4,824,866,3,9,10,5,5,1566,459,15.752000035718083
cat_random4,825,867,1,6,7,10,5,1465,425,13.337041949853301
cat_random4,826,868,2,2,10,4,4,719,230,7.570459041744471
cat_random4,827,869,1,4,2,10,8,940,301,9.476374951191247
cat_random4,828,870,2,2,2,10,5,610,198,6.950667011551559
cat_random4,829,871,2,10,5,4,5,1463,494,12.97970802988857
cat_random4,830,872,0,3,2,4,11,541,164,6.5047499956563115
cat_random4,831,873,2,2,5,2,10,647,202,6.473040906712413
cat_random4,832,874,2,4,7,10,6,1613,522,14.549707993865013
cat_random4,833,875,3,10,5,3,3,1104,347,11.257709003984928
cat_random4,834,876,1,6,3,10,9,2557,717,20.523499930277467
cat_random4,835,877,2,10,8,5,5,1024,294,10.460166959092021
cat_random4,836,878,0,2,5,10,4,917,292,10.525874909944832
cat_random4,837,879,0,10,3,9,2,942,296,8.910082979127765
cat_random4,838,880,1,3,4,4,10,601,193,6.8851669784635305
cat_random4,839,881,1,10,8,2,6,931,277,9.830082999542356
cat_random4,840,882,0,10,4,3,3,539,176,4.602040979079902
cat_random4,841,883,2,4,10,2,6,696,230,7.450541015714407
cat_random4,842,884,2,3,10,7,5,1118,338,11.886209016665816
cat_random4,843,885,3,3,2,2,10,840,295,6.995458039455116
cat_random4,844,886,3,10,7,7,6,1495,431,13.841250096447766
cat_random4,845,887,0,4,4,4,10,1212,360,11.628915905021131
cat_random4,846,888,3,2,6,3,10,1006,315,9.999124915339053
cat_random4,847,889,1,3,2,10,7,827,265,7.990290992893279
cat_random4,848,890,3,3,8,6,11,1089,291,11.755584040656686
cat_random4,849,891,0,4,6,4,10,846,284,9.336458053439856
cat_random4,850,892,0,5,10,9,4,1087,288,11.68716698884964
cat_random4,851,893,3,8,5,6,10,1132,347,12.467999942600727
cat_random4,852,894,1,2,10,2,2,646,217,7.434083963744342
cat_random4,853,895,3,9,3,10,6,937,271,8.977624936960638
cat_random4,854,896,3,7,2,4,10,864,287,8.59583297278732
cat_random4,855,897,3,8,6,10,5,1343,407,13.455959036946297
cat_random4,856,898,2,8,9,10,7,2317,598,20.736832986585796
cat_random4,857,899,0,5,10,5,5,1087,348,9.746500058099627
cat_random4,858,900,3,9,2,10,4,1037,311,11.39129197690636
cat_random4,859,901,1,5,5,10,5,963,293,10.736458003520966
cat_random4,860,902,0,2,8,10,4,920,284,10.698625002987683
cat_random4,861,903,0,10,8,5,9,1396,360,13.17537494469434
cat_random4,862,904,1,4,4,4,10,602,177,7.350792060606182
cat_random4,863,905,1,2,10,3,9,1351,469,13.0149160977453
cat_random4,864,906,0,10,6,4,7,2912,832,23.00950000062585
cat_random4,865,907,0,4,4,2,10,606,204,6.048790994100273
cat_random4,866,908,3,8,6,10,4,1637,515,15.083250007592142
cat_random4,867,909,0,6,10,9,4,1795,528,20.710083073936403
cat_random4,868,910,1,5,5,10,7,927,281,9.83329105656594
cat_random4,869,911,1,2,10,3,4,474,149,4.807792021892965
cat_random4,870,912,0,2,5,11,6,573,168,6.302875000983477
cat_random4,871,913,3,3,5,10,3,808,251,8.341375039890409
cat_random4,872,914,1,2,10,3,4,871,261,8.289207937195897
cat_random4,873,915,3,10,7,2,3,953,279,8.32558295223862
cat_random4,874,916,3,6,7,2,10,1127,383,11.068375082686543
cat_random4,875,917,3,7,10,5,4,1131,335,10.762042016722262
cat_random4,876,918,3,5,11,2,3,643,195,7.847415981814265
cat_random4,877,919,0,5,2,10,3,412,112,3.9102500304579735
cat_random4,878,920,1,4,10,2,4,513,157,6.3849580474197865
cat_random4,879,921,0,3,3,11,3,675,216,7.911333930678666
cat_random4,880,922,0,10,4,6,4,1324,408,13.365457998588681
cat_random4,881,923,3,9,5,10,4,1334,387,13.325374922715127
cat_random4,882,924,1,5,10,2,2,524,169,5.713250022381544
cat_random4,883,925,0,10,3,4,9,913,256,10.546333040110767
cat_random4,884,926,0,2,6,4,10,773,240,8.549584075808525
cat_random4,885,927,3,8,3,2,10,654,207,6.2527499394491315
cat_random4,886,928,0,2,2,10,4,671,212,7.395250024273992
cat_random4,887,929,0,8,10,2,4,1084,336,11.939291027374566
cat_random4,888,930,0,10,2,7,7,1188,352,11.814083089120686
cat_random4,889,931,2,7,8,10,3,1001,278,10.464833001606166
cat_random4,890,932,1,8,3,10,9,1145,333,11.348958942107856
cat_random4,891,933,2,10,5,4,4,631,194,6.9746250519528985
cat_random4,892,934,0,4,4,2,11,482,148,6.990583962760866
cat_random4,893,935,3,9,7,10,5,3142,923,24.52145901042968
cat_random4,894,936,2,10,8,3,8,1788,570,16.198707977309823
cat_random4,895,937,0,2,10,4,4,861,292,7.769583025947213
cat_random4,896,938,1,8,10,7,4,1651,477,16.751499962992966
cat_random4,897,939,2,2,2,10,7,544,166,5.600000033155084
cat_random4,898,940,3,9,3,8,10,1244,347,12.532917084172368
cat_random4,899,941,2,2,11,5,5,1955,606,17.44079205673188
cat_random4,900,942,1,10,7,8,4,1577,437,14.416542020626366
cat_random4,901,943,0,2,10,3,3,654,220,6.491416017524898
cat_random4,902,944,3,7,3,3,10,1023,311,9.324417100287974
cat_random4,903,945,0,2,6,2,10,622,188,6.0461669927462935
cat_random4,904,946,0,10,8,9,3,1514,468,13.96337489131838
cat_random4,905,947,2,9,4,3,10,1287,422,11.714000022038817
cat_random4,906,948,1,10,2,7,7,905,257,10.135790915228426
cat_random4,907,949,0,3,4,10,2,672,224,5.787792033515871
cat_random4,908,950,3,6,6,10,4,1364,395,13.840500032529235
cat_random4,909,951,0,8,10,6,9,2384,696,23.161209071986377
cat_random4,910,952,2,7,3,8,10,1533,490,16.063540941104293
cat_random4,911,953,2,2,10,5,7,1247,378,12.247500009834766
cat_random4,912,954,0,2,11,6,6,628,172,6.6504169953987
cat_random4,913,955,1,9,10,3,4,1326,389,12.927290983498096
cat_random4,914,956,2,8,10,4,3,971,314,10.096624959260225
cat_random4,915,957,3,6,10,7,2,1184,339,12.061582994647324
cat_random4,916,958,1,3,3,7,10,562,169,6.466624909080565
cat_random4,917,959,1,10,6,5,4,1117,349,11.188708944246173
cat_random4,918,960,1,4,6,10,3,563,165,6.042667082510889
cat_random4,919,961,1,2,4,3,10,654,205,6.590624921955168
cat_random4,920,962,2,3,10,3,3,801,258,7.545166998170316
cat_random4,921,963,3,3,10,8,5,1115,327,11.670125066302717
cat_random4,922,964,2,10,4,5,2,878,266,7.958083995617926
cat_random4,923,965,3,10,4,5,7,1064,295,11.434582993388176
cat_random4,924,966,2,2,2,10,2,539,186,6.616167025640607
cat_random4,925,967,1,3,6,3,10,697,217,7.1175830671563745
cat_random4,926,968,3,3,7,10,4,671,219,8.202124969102442
cat_random4,927,969,1,7,5,10,5,963,305,9.904417092911899
cat_random4,928,970,1,8,5,8,10,1456,425,14.964040950872004
cat_random4,929,971,2,3,10,4,8,2157,730,17.653458984568715
cat_random4,930,972,2,4,11,3,3,614,210,5.606209044344723
cat_random4,931,973,1,3,3,11,5,548,173,6.061292020604014
cat_random4,932,974,0,2,3,10,3,732,268,6.380959064699709
cat_random4,933,975,1,3,3,10,3,576,193,5.030375090427697
cat_random4,934,976,1,5,9,7,10,1863,613,16.572707914747298
cat_random4,935,977,1,3,2,10,2,346,113,3.2403329387307167
cat_random4,936,978,0,3,10,5,3,977,328,9.961584000848234
cat_random4,937,979,2,5,2,10,2,520,166,7.358415983617306
cat_random4,938,980,3,2,2,10,2,302,95,3.4422919852659106
cat_random4,939,981,1,10,2,2,5,671,209,8.519500028342009
cat_random4,940,982,0,10,5,3,4,1372,440,12.537874979898334
cat_random4,941,983,1,9,5,10,5,1252,409,12.22229190170765
cat_random4,942,984,3,2,3,10,2,449,151,3.7530839908868074
cat_random4,943,985,1,10,5,9,3,2378,729,20.40299994405359
cat_random4,944,986,0,10,3,5,7,920,288,9.357333066873252
cat_random4,945,987,1,6,3,3,10,662,197,6.28500001039356
cat_random4,946,988,3,2,10,3,2,699,227,6.724542006850243
cat_random4,947,989,3,2,2,10,5,571,175,5.458542029373348
cat_random4,948,990,0,10,6,5,3,1146,360,10.678958031348884
cat_random4,949,991,3,8,3,10,5,1226,387,12.26291700731963
cat_random4,950,992,3,5,7,10,4,1326,451,12.404957902617753
cat_random4,951,993,3,9,10,4,7,1376,371,12.43370899464935
cat_random4,952,994,2,7,8,3,10,1331,410,13.707709033042192
cat_random4,953,995,3,8,3,10,3,1070,347,10.801249998621643
cat_random4,954,996,2,10,3,4,3,581,186,6.6836669575423
cat_random4,955,997,2,4,2,10,5,480,150,5.324208061210811
cat_random4,956,998,3,10,3,7,6,807,251,8.560375077649951
cat_random4,957,999,3,6,7,7,10,1569,519,13.746334007009864
cat_random4,958,1000,1,5,8,10,4,1576,489,14.487667009234428
cat_random4,959,1001,0,10,7,7,2,1673,540,14.712542062625289
cat_random4,960,1002,3,5,10,3,4,534,163,6.045041955076158
cat_random4,961,1003,0,7,4,8,10,2477,724,21.1690419819206
cat_random4,962,1004,1,10,7,6,3,1164,345,11.436708038672805
cat_random4,963,1005,1,3,10,2,3,593,197,5.840750061906874
cat_random4,964,1006,2,6,3,3,10,832,270,10.125875007361174
cat_random4,965,1007,0,10,2,3,4,836,256,8.474834030494094
cat_random4,966,1008,2,10,6,2,9,988,262,11.426332988776267
cat_random4,967,1009,3,2,7,10,2,455,143,6.2452079728245735
cat_random4,968,1010,0,5,10,4,7,1305,408,12.614625040441751
cat_random4,969,1011,0,3,4,10,6,1021,320,10.036917054094374
cat_random4,970,1012,0,8,3,10,3,996,312,10.269624995999038
cat_random4,971,1013,3,3,5,10,6,1029,303,11.427624966017902
cat_random4,972,1014,1,2,2,7,10,715,205,8.161291014403105
cat_random4,973,1015,2,4,5,10,5,1018,286,10.215334012173116
cat_random4,974,1016,3,10,3,7,6,1421,415,14.272707980126143
cat_random4,975,1017,3,10,2,3,7,881,275,8.73083295300603
cat_random4,976,1018,0,9,3,8,10,1064,320,10.381125030107796
cat_random4,977,1019,2,4,8,3,10,1146,370,11.575125041417778
cat_random4,978,1020,0,10,4,7,5,1466,488,12.416208046488464
cat_random4,979,1021,1,6,2,10,3,737,241,6.606249953620136
cat_random4,980,1022,2,7,5,10,6,1005,294,10.366874979808927
cat_random4,981,1023,0,6,3,3,11,722,212,8.11604200862348
cat_random4,982,1024,1,9,10,6,7,1649,481,15.41374996304512
cat_random4,983,1025,3,3,4,8,10,1732,635,15.943625010550022
cat_random4,984,1026,1,2,10,3,6,523,161,6.2658339738845825
cat_random4,985,1027,3,5,10,5,2,659,211,6.986666936427355
cat_random4,986,1028,3,10,7,3,8,1422,431,12.786124949343503
cat_random4,987,1029,1,5,2,5,10,1236,429,10.989915928803384
cat_random4,988,1030,3,3,3,10,8,916,263,8.99058289360255
cat_random4,989,1031,0,10,7,3,3,929,272,8.966666995547712
cat_random4,990,1032,2,3,10,6,5,1587,498,15.674290945753455
cat_random4,991,1033,1,7,3,10,5,1224,373,13.282708008773625
cat_random4,992,1034,0,10,8,6,3,923,268,10.723624960519373
cat_random4,993,1035,2,5,10,2,2,463,158,5.0721250008791685
cat_random4,994,1036,2,10,4,4,4,986,334,8.940625004470348
cat_random4,995,1037,3,5,5,3,10,1193,415,12.83816690556705
cat_random4,996,1038,0,10,2,3,4,1129,380,11.605000006966293
cat_random4,997,1039,3,2,3,2,11,646,223,5.741916946135461
cat_random4,998,1040,3,2,10,2,5,625,207,6.336166989058256
cat_random4,999,1041,1,10,6,7,6,2128,657,18.82458303589374
